{
    "theta0": 1.0252834318375312,
    "theta1": -0.6209591389636161,
    "max_km": 240000.0,
    "max_price": 8290.0
}